review,sentiment
Fast delivery and excellent support.,positive
Not worth the price.,negative
Customer service was awful.,negative
Great experience overall.,positive
The best I’ve used so far.,positive
Very disappointed.,negative
Terrible product. Waste of money.,negative
Completely useless.,negative
Great experience overall.,positive
This was a mistake to buy.,negative
Terrible product. Waste of money.,negative
The best I’ve used so far.,positive
Customer service was awful.,negative
Horrible experience.,negative
Top notch and affordable.,positive
Completely useless.,negative
The best I’ve used so far.,positive
Completely useless.,negative
Terrible product. Waste of money.,negative
Would not recommend.,negative
Completely useless.,negative
The best I’ve used so far.,positive
The best I’ve used so far.,positive
Horrible experience.,negative
Completely useless.,negative
Terrible product. Waste of money.,negative
Terrible product. Waste of money.,negative
Completely useless.,negative
Highly recommend to everyone.,positive
This was a mistake to buy.,negative
Exceeded my expectations.,positive
Customer service was awful.,negative
Highly recommend to everyone.,positive
This was a mistake to buy.,negative
This was a mistake to buy.,negative
Terrible product. Waste of money.,negative
Customer service was awful.,negative
The best I’ve used so far.,positive
Would not recommend.,negative
Completely useless.,negative
Very satisfied with my purchase.,positive
Very disappointed.,negative
Not worth the price.,negative
Top notch and affordable.,positive
Would not recommend.,negative
Horrible experience.,negative
Not worth the price.,negative
Amazing quality and service.,positive
Terrible product. Waste of money.,negative
Highly recommend to everyone.,positive
Great experience overall.,positive
Fast delivery and excellent support.,positive
Broke after one use.,negative
I love this product!,positive
Highly recommend to everyone.,positive
Will definitely buy again.,positive
Horrible experience.,negative
Not worth the price.,negative
The best I’ve used so far.,positive
Exceeded my expectations.,positive
Not worth the price.,negative
Would not recommend.,negative
Horrible experience.,negative
I love this product!,positive
Completely useless.,negative
Fast delivery and excellent support.,positive
Top notch and affordable.,positive
Exceeded my expectations.,positive
Horrible experience.,negative
Fast delivery and excellent support.,positive
The best I’ve used so far.,positive
Low quality and poor performance.,negative
The best I’ve used so far.,positive
The best I’ve used so far.,positive
Broke after one use.,negative
The best I’ve used so far.,positive
Great experience overall.,positive
Will definitely buy again.,positive
Exceeded my expectations.,positive
Low quality and poor performance.,negative
Great experience overall.,positive
Very satisfied with my purchase.,positive
Not worth the price.,negative
Great experience overall.,positive
Terrible product. Waste of money.,negative
Will definitely buy again.,positive
Low quality and poor performance.,negative
This was a mistake to buy.,negative
Terrible product. Waste of money.,negative
Not worth the price.,negative
Low quality and poor performance.,negative
The best I’ve used so far.,positive
I love this product!,positive
I love this product!,positive
Highly recommend to everyone.,positive
Not worth the price.,negative
Not worth the price.,negative
Amazing quality and service.,positive
I love this product!,positive
Highly recommend to everyone.,positive
Would not recommend.,negative
Exceeded my expectations.,positive
I love this product!,positive
I love this product!,positive
I love this product!,positive
Completely useless.,negative
Would not recommend.,negative
Amazing quality and service.,positive
Amazing quality and service.,positive
Would not recommend.,negative
Customer service was awful.,negative
Horrible experience.,negative
Would not recommend.,negative
Very disappointed.,negative
Fast delivery and excellent support.,positive
Very satisfied with my purchase.,positive
Horrible experience.,negative
Customer service was awful.,negative
Terrible product. Waste of money.,negative
Would not recommend.,negative
Highly recommend to everyone.,positive
Completely useless.,negative
Very disappointed.,negative
Completely useless.,negative
Not worth the price.,negative
Not worth the price.,negative
Exceeded my expectations.,positive
Completely useless.,negative
I love this product!,positive
Great experience overall.,positive
Amazing quality and service.,positive
Customer service was awful.,negative
Completely useless.,negative
Great experience overall.,positive
Amazing quality and service.,positive
Will definitely buy again.,positive
Will definitely buy again.,positive
Fast delivery and excellent support.,positive
Broke after one use.,negative
Customer service was awful.,negative
I love this product!,positive
Great experience overall.,positive
Amazing quality and service.,positive
Low quality and poor performance.,negative
Top notch and affordable.,positive
Great experience overall.,positive
Top notch and affordable.,positive
Highly recommend to everyone.,positive
Terrible product. Waste of money.,negative
Fast delivery and excellent support.,positive
Customer service was awful.,negative
Would not recommend.,negative
Customer service was awful.,negative
Completely useless.,negative
Exceeded my expectations.,positive
Fast delivery and excellent support.,positive
Low quality and poor performance.,negative
Customer service was awful.,negative
Low quality and poor performance.,negative
Highly recommend to everyone.,positive
Not worth the price.,negative
Completely useless.,negative
Will definitely buy again.,positive
The best I’ve used so far.,positive
Broke after one use.,negative
Highly recommend to everyone.,positive
This was a mistake to buy.,negative
Horrible experience.,negative
Fast delivery and excellent support.,positive
Great experience overall.,positive
Top notch and affordable.,positive
I love this product!,positive
Amazing quality and service.,positive
Would not recommend.,negative
Not worth the price.,negative
Would not recommend.,negative
Highly recommend to everyone.,positive
Would not recommend.,negative
Low quality and poor performance.,negative
I love this product!,positive
Low quality and poor performance.,negative
Very disappointed.,negative
Very satisfied with my purchase.,positive
Terrible product. Waste of money.,negative
Not worth the price.,negative
Amazing quality and service.,positive
Top notch and affordable.,positive
I love this product!,positive
Will definitely buy again.,positive
Top notch and affordable.,positive
Very disappointed.,negative
Great experience overall.,positive
Low quality and poor performance.,negative
Terrible product. Waste of money.,negative
Amazing quality and service.,positive
Customer service was awful.,negative
Completely useless.,negative
Low quality and poor performance.,negative
Terrible product. Waste of money.,negative
Very disappointed.,negative
Customer service was awful.,negative
Will definitely buy again.,positive
Top notch and affordable.,positive
The best I’ve used so far.,positive
Low quality and poor performance.,negative
I love this product!,positive
Very satisfied with my purchase.,positive
Highly recommend to everyone.,positive
Low quality and poor performance.,negative
The best I’ve used so far.,positive
Not worth the price.,negative
Will definitely buy again.,positive
The best I’ve used so far.,positive
Amazing quality and service.,positive
Will definitely buy again.,positive
Highly recommend to everyone.,positive
I love this product!,positive
Completely useless.,negative
Highly recommend to everyone.,positive
Broke after one use.,negative
Would not recommend.,negative
Will definitely buy again.,positive
Terrible product. Waste of money.,negative
Horrible experience.,negative
Very satisfied with my purchase.,positive
The best I’ve used so far.,positive
Very disappointed.,negative
Great experience overall.,positive
Top notch and affordable.,positive
Completely useless.,negative
Horrible experience.,negative
Very disappointed.,negative
I love this product!,positive
Horrible experience.,negative
Very satisfied with my purchase.,positive
Great experience overall.,positive
Great experience overall.,positive
Low quality and poor performance.,negative
Very satisfied with my purchase.,positive
Will definitely buy again.,positive
Will definitely buy again.,positive
Fast delivery and excellent support.,positive
I love this product!,positive
Amazing quality and service.,positive
The best I’ve used so far.,positive
Very satisfied with my purchase.,positive
Broke after one use.,negative
Terrible product. Waste of money.,negative
Not worth the price.,negative
Highly recommend to everyone.,positive
Horrible experience.,negative
Amazing quality and service.,positive
The best I’ve used so far.,positive
I love this product!,positive
Great experience overall.,positive
Customer service was awful.,negative
Customer service was awful.,negative
Completely useless.,negative
Terrible product. Waste of money.,negative
Horrible experience.,negative
The best I’ve used so far.,positive
Low quality and poor performance.,negative
Terrible product. Waste of money.,negative
The best I’ve used so far.,positive
Fast delivery and excellent support.,positive
Will definitely buy again.,positive
Highly recommend to everyone.,positive
Terrible product. Waste of money.,negative
The best I’ve used so far.,positive
Broke after one use.,negative
Terrible product. Waste of money.,negative
Will definitely buy again.,positive
Completely useless.,negative
This was a mistake to buy.,negative
Fast delivery and excellent support.,positive
Highly recommend to everyone.,positive
Not worth the price.,negative
Horrible experience.,negative
Great experience overall.,positive
Very disappointed.,negative
Highly recommend to everyone.,positive
This was a mistake to buy.,negative
Fast delivery and excellent support.,positive
Fast delivery and excellent support.,positive
Amazing quality and service.,positive
Completely useless.,negative
Broke after one use.,negative
The best I’ve used so far.,positive
Top notch and affordable.,positive
Very disappointed.,negative
Will definitely buy again.,positive
Completely useless.,negative
Amazing quality and service.,positive
Horrible experience.,negative
Not worth the price.,negative
Top notch and affordable.,positive
Customer service was awful.,negative
Completely useless.,negative
Great experience overall.,positive
Top notch and affordable.,positive
The best I’ve used so far.,positive
Not worth the price.,negative
Not worth the price.,negative
Will definitely buy again.,positive
Fast delivery and excellent support.,positive
Broke after one use.,negative
Amazing quality and service.,positive
Horrible experience.,negative
I love this product!,positive
Will definitely buy again.,positive
Low quality and poor performance.,negative
Completely useless.,negative
Great experience overall.,positive
Completely useless.,negative
Completely useless.,negative
Exceeded my expectations.,positive
Not worth the price.,negative
Very disappointed.,negative
Broke after one use.,negative
This was a mistake to buy.,negative
Amazing quality and service.,positive
Would not recommend.,negative
Low quality and poor performance.,negative
This was a mistake to buy.,negative
Fast delivery and excellent support.,positive
I love this product!,positive
Top notch and affordable.,positive
Highly recommend to everyone.,positive
Very disappointed.,negative
Terrible product. Waste of money.,negative
Would not recommend.,negative
Exceeded my expectations.,positive
Customer service was awful.,negative
Customer service was awful.,negative
Not worth the price.,negative
Customer service was awful.,negative
Not worth the price.,negative
Terrible product. Waste of money.,negative
Exceeded my expectations.,positive
Not worth the price.,negative
Fast delivery and excellent support.,positive
I love this product!,positive
Terrible product. Waste of money.,negative
Broke after one use.,negative
Great experience overall.,positive
Broke after one use.,negative
Will definitely buy again.,positive
The best I’ve used so far.,positive
This was a mistake to buy.,negative
Terrible product. Waste of money.,negative
Terrible product. Waste of money.,negative
Customer service was awful.,negative
Completely useless.,negative
Very disappointed.,negative
Horrible experience.,negative
Broke after one use.,negative
Top notch and affordable.,positive
Exceeded my expectations.,positive
Terrible product. Waste of money.,negative
Fast delivery and excellent support.,positive
I love this product!,positive
Very disappointed.,negative
Would not recommend.,negative
Very satisfied with my purchase.,positive
Not worth the price.,negative
The best I’ve used so far.,positive
Highly recommend to everyone.,positive
Highly recommend to everyone.,positive
Amazing quality and service.,positive
Amazing quality and service.,positive
Very satisfied with my purchase.,positive
Low quality and poor performance.,negative
Terrible product. Waste of money.,negative
I love this product!,positive
Fast delivery and excellent support.,positive
Very disappointed.,negative
Completely useless.,negative
This was a mistake to buy.,negative
Will definitely buy again.,positive
Would not recommend.,negative
Highly recommend to everyone.,positive
Great experience overall.,positive
Would not recommend.,negative
Very satisfied with my purchase.,positive
Terrible product. Waste of money.,negative
Completely useless.,negative
Terrible product. Waste of money.,negative
Low quality and poor performance.,negative
The best I’ve used so far.,positive
Amazing quality and service.,positive
Exceeded my expectations.,positive
Not worth the price.,negative
Great experience overall.,positive
Will definitely buy again.,positive
Low quality and poor performance.,negative
Completely useless.,negative
The best I’ve used so far.,positive
Will definitely buy again.,positive
Completely useless.,negative
Great experience overall.,positive
The best I’ve used so far.,positive
Not worth the price.,negative
Broke after one use.,negative
The best I’ve used so far.,positive
Exceeded my expectations.,positive
Horrible experience.,negative
The best I’ve used so far.,positive
Amazing quality and service.,positive
This was a mistake to buy.,negative
Customer service was awful.,negative
Very disappointed.,negative
Terrible product. Waste of money.,negative
Will definitely buy again.,positive
Amazing quality and service.,positive
Low quality and poor performance.,negative
The best I’ve used so far.,positive
I love this product!,positive
Great experience overall.,positive
Exceeded my expectations.,positive
Very disappointed.,negative
Terrible product. Waste of money.,negative
The best I’ve used so far.,positive
Not worth the price.,negative
Not worth the price.,negative
I love this product!,positive
Terrible product. Waste of money.,negative
Customer service was awful.,negative
Amazing quality and service.,positive
Not worth the price.,negative
The best I’ve used so far.,positive
Highly recommend to everyone.,positive
Will definitely buy again.,positive
Horrible experience.,negative
Broke after one use.,negative
Low quality and poor performance.,negative
Exceeded my expectations.,positive
Top notch and affordable.,positive
Great experience overall.,positive
Broke after one use.,negative
Low quality and poor performance.,negative
Low quality and poor performance.,negative
Completely useless.,negative
Highly recommend to everyone.,positive
This was a mistake to buy.,negative
Would not recommend.,negative
Highly recommend to everyone.,positive
Completely useless.,negative
Not worth the price.,negative
I love this product!,positive
Great experience overall.,positive
Amazing quality and service.,positive
Will definitely buy again.,positive
Highly recommend to everyone.,positive
I love this product!,positive
Great experience overall.,positive
Low quality and poor performance.,negative
Fast delivery and excellent support.,positive
Will definitely buy again.,positive
Low quality and poor performance.,negative
Customer service was awful.,negative
I love this product!,positive
Exceeded my expectations.,positive
Exceeded my expectations.,positive
Very disappointed.,negative
I love this product!,positive
Amazing quality and service.,positive
Amazing quality and service.,positive
Completely useless.,negative
Top notch and affordable.,positive
Exceeded my expectations.,positive
Horrible experience.,negative
This was a mistake to buy.,negative
Fast delivery and excellent support.,positive
Customer service was awful.,negative
Horrible experience.,negative
Would not recommend.,negative
Not worth the price.,negative
I love this product!,positive
Amazing quality and service.,positive
Great experience overall.,positive
This was a mistake to buy.,negative
Not worth the price.,negative
Great experience overall.,positive
Broke after one use.,negative
I love this product!,positive
Very satisfied with my purchase.,positive
Low quality and poor performance.,negative
Will definitely buy again.,positive
Terrible product. Waste of money.,negative
Terrible product. Waste of money.,negative
Very disappointed.,negative
Not worth the price.,negative
Terrible product. Waste of money.,negative
Great experience overall.,positive
Very satisfied with my purchase.,positive
Great experience overall.,positive
Would not recommend.,negative
Not worth the price.,negative
The best I’ve used so far.,positive
Highly recommend to everyone.,positive
Highly recommend to everyone.,positive
Low quality and poor performance.,negative
Terrible product. Waste of money.,negative
Great experience overall.,positive
Great experience overall.,positive
I love this product!,positive
Very disappointed.,negative
This was a mistake to buy.,negative
This was a mistake to buy.,negative
Fast delivery and excellent support.,positive
Great experience overall.,positive
Customer service was awful.,negative
Completely useless.,negative
Great experience overall.,positive
Terrible product. Waste of money.,negative
The best I’ve used so far.,positive
Very satisfied with my purchase.,positive
Not worth the price.,negative
Very disappointed.,negative
Customer service was awful.,negative
Horrible experience.,negative
Broke after one use.,negative
Not worth the price.,negative
Very disappointed.,negative
Completely useless.,negative
Broke after one use.,negative
This was a mistake to buy.,negative
Top notch and affordable.,positive
Broke after one use.,negative
The best I’ve used so far.,positive
Terrible product. Waste of money.,negative
This was a mistake to buy.,negative
Broke after one use.,negative
I love this product!,positive
Broke after one use.,negative
Horrible experience.,negative
I love this product!,positive
Horrible experience.,negative
This was a mistake to buy.,negative
Fast delivery and excellent support.,positive
Broke after one use.,negative
Top notch and affordable.,positive
Exceeded my expectations.,positive
Not worth the price.,negative
The best I’ve used so far.,positive
Terrible product. Waste of money.,negative
Fast delivery and excellent support.,positive
Amazing quality and service.,positive
Broke after one use.,negative
Will definitely buy again.,positive
Amazing quality and service.,positive
Highly recommend to everyone.,positive
Very disappointed.,negative
Very satisfied with my purchase.,positive
Would not recommend.,negative
Low quality and poor performance.,negative
Very satisfied with my purchase.,positive
Horrible experience.,negative
Top notch and affordable.,positive
Not worth the price.,negative
Top notch and affordable.,positive
Exceeded my expectations.,positive
Low quality and poor performance.,negative
Amazing quality and service.,positive
Will definitely buy again.,positive
Terrible product. Waste of money.,negative
Terrible product. Waste of money.,negative
Fast delivery and excellent support.,positive
Very satisfied with my purchase.,positive
Horrible experience.,negative
Customer service was awful.,negative
The best I’ve used so far.,positive
This was a mistake to buy.,negative
Would not recommend.,negative
Completely useless.,negative
Horrible experience.,negative
The best I’ve used so far.,positive
This was a mistake to buy.,negative
Very disappointed.,negative
Customer service was awful.,negative
Great experience overall.,positive
Highly recommend to everyone.,positive
Top notch and affordable.,positive
Top notch and affordable.,positive
I love this product!,positive
Fast delivery and excellent support.,positive
Broke after one use.,negative
Highly recommend to everyone.,positive
This was a mistake to buy.,negative
This was a mistake to buy.,negative
Amazing quality and service.,positive
Amazing quality and service.,positive
Broke after one use.,negative
Highly recommend to everyone.,positive
Horrible experience.,negative
Top notch and affordable.,positive
Broke after one use.,negative
The best I’ve used so far.,positive
Low quality and poor performance.,negative
Would not recommend.,negative
Very disappointed.,negative
Horrible experience.,negative
Broke after one use.,negative
Would not recommend.,negative
Great experience overall.,positive
The best I’ve used so far.,positive
Would not recommend.,negative
Fast delivery and excellent support.,positive
Very satisfied with my purchase.,positive
Top notch and affordable.,positive
Low quality and poor performance.,negative
Amazing quality and service.,positive
Not worth the price.,negative
Highly recommend to everyone.,positive
Very disappointed.,negative
Top notch and affordable.,positive
Terrible product. Waste of money.,negative
Customer service was awful.,negative
Amazing quality and service.,positive
Great experience overall.,positive
Top notch and affordable.,positive
Horrible experience.,negative
Amazing quality and service.,positive
Completely useless.,negative
The best I’ve used so far.,positive
The best I’ve used so far.,positive
Very satisfied with my purchase.,positive
Fast delivery and excellent support.,positive
Horrible experience.,negative
Fast delivery and excellent support.,positive
Not worth the price.,negative
Would not recommend.,negative
Not worth the price.,negative
I love this product!,positive
Highly recommend to everyone.,positive
Top notch and affordable.,positive
Exceeded my expectations.,positive
Great experience overall.,positive
This was a mistake to buy.,negative
Customer service was awful.,negative
Amazing quality and service.,positive
Fast delivery and excellent support.,positive
Exceeded my expectations.,positive
Not worth the price.,negative
Highly recommend to everyone.,positive
Very satisfied with my purchase.,positive
Exceeded my expectations.,positive
Low quality and poor performance.,negative
Highly recommend to everyone.,positive
This was a mistake to buy.,negative
Would not recommend.,negative
Completely useless.,negative
Very disappointed.,negative
Customer service was awful.,negative
Customer service was awful.,negative
Broke after one use.,negative
Terrible product. Waste of money.,negative
Fast delivery and excellent support.,positive
Amazing quality and service.,positive
Exceeded my expectations.,positive
Not worth the price.,negative
I love this product!,positive
Top notch and affordable.,positive
Very disappointed.,negative
Fast delivery and excellent support.,positive
Not worth the price.,negative
I love this product!,positive
Fast delivery and excellent support.,positive
Broke after one use.,negative
Not worth the price.,negative
Fast delivery and excellent support.,positive
Horrible experience.,negative
Low quality and poor performance.,negative
Broke after one use.,negative
This was a mistake to buy.,negative
Horrible experience.,negative
Top notch and affordable.,positive
Broke after one use.,negative
Would not recommend.,negative
Fast delivery and excellent support.,positive
This was a mistake to buy.,negative
Great experience overall.,positive
Customer service was awful.,negative
Terrible product. Waste of money.,negative
Highly recommend to everyone.,positive
Fast delivery and excellent support.,positive
Great experience overall.,positive
Great experience overall.,positive
Completely useless.,negative
Highly recommend to everyone.,positive
Will definitely buy again.,positive
Low quality and poor performance.,negative
The best I’ve used so far.,positive
Horrible experience.,negative
Would not recommend.,negative
Great experience overall.,positive
Fast delivery and excellent support.,positive
Highly recommend to everyone.,positive
This was a mistake to buy.,negative
This was a mistake to buy.,negative
Horrible experience.,negative
Great experience overall.,positive
Low quality and poor performance.,negative
The best I’ve used so far.,positive
Would not recommend.,negative
Top notch and affordable.,positive
Exceeded my expectations.,positive
Not worth the price.,negative
This was a mistake to buy.,negative
Exceeded my expectations.,positive
Will definitely buy again.,positive
Horrible experience.,negative
This was a mistake to buy.,negative
Horrible experience.,negative
Exceeded my expectations.,positive
Broke after one use.,negative
The best I’ve used so far.,positive
Highly recommend to everyone.,positive
Terrible product. Waste of money.,negative
I love this product!,positive
Will definitely buy again.,positive
Amazing quality and service.,positive
Top notch and affordable.,positive
This was a mistake to buy.,negative
Very disappointed.,negative
Fast delivery and excellent support.,positive
Customer service was awful.,negative
Would not recommend.,negative
Fast delivery and excellent support.,positive
I love this product!,positive
I love this product!,positive
Will definitely buy again.,positive
Broke after one use.,negative
I love this product!,positive
Would not recommend.,negative
Fast delivery and excellent support.,positive
Low quality and poor performance.,negative
This was a mistake to buy.,negative
Completely useless.,negative
Very disappointed.,negative
Low quality and poor performance.,negative
Customer service was awful.,negative
Very satisfied with my purchase.,positive
The best I’ve used so far.,positive
Great experience overall.,positive
Exceeded my expectations.,positive
Will definitely buy again.,positive
Very satisfied with my purchase.,positive
Not worth the price.,negative
Terrible product. Waste of money.,negative
Low quality and poor performance.,negative
Low quality and poor performance.,negative
Great experience overall.,positive
Not worth the price.,negative
Would not recommend.,negative
Very satisfied with my purchase.,positive
Highly recommend to everyone.,positive
Horrible experience.,negative
Great experience overall.,positive
The best I’ve used so far.,positive
Broke after one use.,negative
Would not recommend.,negative
I love this product!,positive
Top notch and affordable.,positive
Fast delivery and excellent support.,positive
Terrible product. Waste of money.,negative
Top notch and affordable.,positive
Completely useless.,negative
The best I’ve used so far.,positive
Great experience overall.,positive
Not worth the price.,negative
Low quality and poor performance.,negative
Broke after one use.,negative
I love this product!,positive
Terrible product. Waste of money.,negative
Not worth the price.,negative
Fast delivery and excellent support.,positive
Exceeded my expectations.,positive
Will definitely buy again.,positive
Very satisfied with my purchase.,positive
Top notch and affordable.,positive
I love this product!,positive
Would not recommend.,negative
This was a mistake to buy.,negative
Terrible product. Waste of money.,negative
Amazing quality and service.,positive
Exceeded my expectations.,positive
Very disappointed.,negative
The best I’ve used so far.,positive
I love this product!,positive
Great experience overall.,positive
Will definitely buy again.,positive
Amazing quality and service.,positive
Horrible experience.,negative
Exceeded my expectations.,positive
Top notch and affordable.,positive
Very satisfied with my purchase.,positive
Not worth the price.,negative
Highly recommend to everyone.,positive
Would not recommend.,negative
Would not recommend.,negative
Fast delivery and excellent support.,positive
Exceeded my expectations.,positive
Very satisfied with my purchase.,positive
Top notch and affordable.,positive
Will definitely buy again.,positive
Fast delivery and excellent support.,positive
Low quality and poor performance.,negative
Horrible experience.,negative
Low quality and poor performance.,negative
Will definitely buy again.,positive
Great experience overall.,positive
Completely useless.,negative
Would not recommend.,negative
This was a mistake to buy.,negative
I love this product!,positive
Top notch and affordable.,positive
Top notch and affordable.,positive
Terrible product. Waste of money.,negative
Completely useless.,negative
Very satisfied with my purchase.,positive
Would not recommend.,negative
Exceeded my expectations.,positive
Would not recommend.,negative
Not worth the price.,negative
Broke after one use.,negative
I love this product!,positive
The best I’ve used so far.,positive
Will definitely buy again.,positive
Terrible product. Waste of money.,negative
Completely useless.,negative
Highly recommend to everyone.,positive
Exceeded my expectations.,positive
Very satisfied with my purchase.,positive
Amazing quality and service.,positive
This was a mistake to buy.,negative
Fast delivery and excellent support.,positive
Amazing quality and service.,positive
Very disappointed.,negative
Not worth the price.,negative
Very disappointed.,negative
Horrible experience.,negative
I love this product!,positive
This was a mistake to buy.,negative
Very satisfied with my purchase.,positive
Low quality and poor performance.,negative
Would not recommend.,negative
Exceeded my expectations.,positive
Exceeded my expectations.,positive
Great experience overall.,positive
Very satisfied with my purchase.,positive
Exceeded my expectations.,positive
I love this product!,positive
Fast delivery and excellent support.,positive
Great experience overall.,positive
Terrible product. Waste of money.,negative
Great experience overall.,positive
Very satisfied with my purchase.,positive
Great experience overall.,positive
Amazing quality and service.,positive
This was a mistake to buy.,negative
Would not recommend.,negative
Completely useless.,negative
Will definitely buy again.,positive
I love this product!,positive
I love this product!,positive
Fast delivery and excellent support.,positive
Fast delivery and excellent support.,positive
Very satisfied with my purchase.,positive
Completely useless.,negative
Highly recommend to everyone.,positive
Fast delivery and excellent support.,positive
Exceeded my expectations.,positive
Terrible product. Waste of money.,negative
Top notch and affordable.,positive
Broke after one use.,negative
Broke after one use.,negative
The best I’ve used so far.,positive
Great experience overall.,positive
Exceeded my expectations.,positive
Very satisfied with my purchase.,positive
Broke after one use.,negative
Highly recommend to everyone.,positive
Highly recommend to everyone.,positive
Completely useless.,negative
I love this product!,positive
Will definitely buy again.,positive
Would not recommend.,negative
Very disappointed.,negative
Would not recommend.,negative
Completely useless.,negative
Completely useless.,negative
I love this product!,positive
Amazing quality and service.,positive
Customer service was awful.,negative
Very satisfied with my purchase.,positive
Completely useless.,negative
The best I’ve used so far.,positive
Amazing quality and service.,positive
Would not recommend.,negative
Great experience overall.,positive
The best I’ve used so far.,positive
This was a mistake to buy.,negative
Very satisfied with my purchase.,positive
Fast delivery and excellent support.,positive
Very disappointed.,negative
Customer service was awful.,negative
Will definitely buy again.,positive
Customer service was awful.,negative
Would not recommend.,negative
Broke after one use.,negative
Very disappointed.,negative
Terrible product. Waste of money.,negative
Horrible experience.,negative
Great experience overall.,positive
This was a mistake to buy.,negative
Amazing quality and service.,positive
Highly recommend to everyone.,positive
Would not recommend.,negative
Will definitely buy again.,positive
Very disappointed.,negative
Completely useless.,negative
Completely useless.,negative
Horrible experience.,negative
Amazing quality and service.,positive
Fast delivery and excellent support.,positive
Great experience overall.,positive
Would not recommend.,negative
Would not recommend.,negative
Will definitely buy again.,positive
This was a mistake to buy.,negative
Great experience overall.,positive
Terrible product. Waste of money.,negative
Very disappointed.,negative
Terrible product. Waste of money.,negative
This was a mistake to buy.,negative
The best I’ve used so far.,positive
Terrible product. Waste of money.,negative
Horrible experience.,negative
Terrible product. Waste of money.,negative
Highly recommend to everyone.,positive
Great experience overall.,positive
Fast delivery and excellent support.,positive
Will definitely buy again.,positive
Fast delivery and excellent support.,positive
Amazing quality and service.,positive
Amazing quality and service.,positive
Fast delivery and excellent support.,positive
Terrible product. Waste of money.,negative
Will definitely buy again.,positive
This was a mistake to buy.,negative
Horrible experience.,negative
Great experience overall.,positive
Highly recommend to everyone.,positive
This was a mistake to buy.,negative
Great experience overall.,positive
Not worth the price.,negative
This was a mistake to buy.,negative
Exceeded my expectations.,positive
Amazing quality and service.,positive
Very disappointed.,negative
Top notch and affordable.,positive
Very satisfied with my purchase.,positive
Highly recommend to everyone.,positive
I love this product!,positive
Completely useless.,negative
The best I’ve used so far.,positive
Will definitely buy again.,positive
Highly recommend to everyone.,positive
Great experience overall.,positive
Customer service was awful.,negative
Great experience overall.,positive
This was a mistake to buy.,negative
Low quality and poor performance.,negative
Not worth the price.,negative
Horrible experience.,negative
Not worth the price.,negative
Customer service was awful.,negative
Top notch and affordable.,positive
Highly recommend to everyone.,positive
Low quality and poor performance.,negative
Will definitely buy again.,positive
Highly recommend to everyone.,positive
Horrible experience.,negative
Broke after one use.,negative
This was a mistake to buy.,negative
This was a mistake to buy.,negative
Very satisfied with my purchase.,positive
Would not recommend.,negative
This was a mistake to buy.,negative
Very disappointed.,negative
Very satisfied with my purchase.,positive
Highly recommend to everyone.,positive
Low quality and poor performance.,negative
Would not recommend.,negative
Fast delivery and excellent support.,positive
Exceeded my expectations.,positive
Broke after one use.,negative
Would not recommend.,negative
Broke after one use.,negative
Exceeded my expectations.,positive
Terrible product. Waste of money.,negative
Top notch and affordable.,positive
Terrible product. Waste of money.,negative
The best I’ve used so far.,positive
Great experience overall.,positive
Horrible experience.,negative
Not worth the price.,negative
This was a mistake to buy.,negative
Exceeded my expectations.,positive
Top notch and affordable.,positive
Fast delivery and excellent support.,positive
The best I’ve used so far.,positive
Broke after one use.,negative
Very disappointed.,negative
Highly recommend to everyone.,positive
The best I’ve used so far.,positive
Amazing quality and service.,positive
Terrible product. Waste of money.,negative
Exceeded my expectations.,positive
The best I’ve used so far.,positive
Top notch and affordable.,positive
Exceeded my expectations.,positive
Will definitely buy again.,positive
Great experience overall.,positive
Would not recommend.,negative
Broke after one use.,negative
Great experience overall.,positive
Not worth the price.,negative
Great experience overall.,positive
Highly recommend to everyone.,positive
Very satisfied with my purchase.,positive
Highly recommend to everyone.,positive
Customer service was awful.,negative
Fast delivery and excellent support.,positive
I love this product!,positive
I love this product!,positive
Customer service was awful.,negative
Customer service was awful.,negative
Very disappointed.,negative
Broke after one use.,negative
The best I’ve used so far.,positive
Very disappointed.,negative
Horrible experience.,negative
Amazing quality and service.,positive
Fast delivery and excellent support.,positive
Highly recommend to everyone.,positive
Not worth the price.,negative
Not worth the price.,negative
Very satisfied with my purchase.,positive
Great experience overall.,positive
This was a mistake to buy.,negative
Exceeded my expectations.,positive
Completely useless.,negative
Will definitely buy again.,positive
Low quality and poor performance.,negative
Completely useless.,negative
Highly recommend to everyone.,positive
I love this product!,positive
Customer service was awful.,negative
Fast delivery and excellent support.,positive
Fast delivery and excellent support.,positive
Completely useless.,negative
Not worth the price.,negative
Great experience overall.,positive
Exceeded my expectations.,positive
Customer service was awful.,negative
This was a mistake to buy.,negative
Broke after one use.,negative
This was a mistake to buy.,negative
Great experience overall.,positive
Amazing quality and service.,positive
Terrible product. Waste of money.,negative
Very satisfied with my purchase.,positive
Fast delivery and excellent support.,positive
Fast delivery and excellent support.,positive
Horrible experience.,negative
Amazing quality and service.,positive
Fast delivery and excellent support.,positive
Low quality and poor performance.,negative
Very disappointed.,negative
Completely useless.,negative
Terrible product. Waste of money.,negative
Very satisfied with my purchase.,positive
Completely useless.,negative
I love this product!,positive
The best I’ve used so far.,positive
Exceeded my expectations.,positive
Horrible experience.,negative
I love this product!,positive
Completely useless.,negative
Great experience overall.,positive
Customer service was awful.,negative
Horrible experience.,negative
Exceeded my expectations.,positive
Very disappointed.,negative
Terrible product. Waste of money.,negative
Completely useless.,negative
Would not recommend.,negative
The best I’ve used so far.,positive
Terrible product. Waste of money.,negative
Broke after one use.,negative
Great experience overall.,positive
Highly recommend to everyone.,positive
Not worth the price.,negative
Exceeded my expectations.,positive
Very satisfied with my purchase.,positive
Customer service was awful.,negative
This was a mistake to buy.,negative
Very disappointed.,negative
Top notch and affordable.,positive
Exceeded my expectations.,positive
Exceeded my expectations.,positive
This was a mistake to buy.,negative
Would not recommend.,negative
Fast delivery and excellent support.,positive
Fast delivery and excellent support.,positive
Broke after one use.,negative
Exceeded my expectations.,positive
Completely useless.,negative
Would not recommend.,negative
Broke after one use.,negative
Exceeded my expectations.,positive
Would not recommend.,negative
Would not recommend.,negative
Would not recommend.,negative
Exceeded my expectations.,positive
Would not recommend.,negative
Will definitely buy again.,positive
The best I’ve used so far.,positive
The best I’ve used so far.,positive
Will definitely buy again.,positive
Terrible product. Waste of money.,negative
Very satisfied with my purchase.,positive
Highly recommend to everyone.,positive
Very satisfied with my purchase.,positive
This was a mistake to buy.,negative
Low quality and poor performance.,negative
Great experience overall.,positive
Customer service was awful.,negative
Top notch and affordable.,positive
Amazing quality and service.,positive
Broke after one use.,negative
Would not recommend.,negative
Not worth the price.,negative
I love this product!,positive
Great experience overall.,positive
Would not recommend.,negative
Great experience overall.,positive
Very disappointed.,negative
Broke after one use.,negative
Very disappointed.,negative
Highly recommend to everyone.,positive
Amazing quality and service.,positive
Broke after one use.,negative
Would not recommend.,negative
Amazing quality and service.,positive
Very satisfied with my purchase.,positive
Terrible product. Waste of money.,negative
Highly recommend to everyone.,positive
Highly recommend to everyone.,positive
Broke after one use.,negative
Customer service was awful.,negative
Highly recommend to everyone.,positive
Broke after one use.,negative
Broke after one use.,negative
Broke after one use.,negative
Very satisfied with my purchase.,positive
Will definitely buy again.,positive
I love this product!,positive
Horrible experience.,negative
I love this product!,positive
Great experience overall.,positive
Broke after one use.,negative
Not worth the price.,negative
Would not recommend.,negative
Fast delivery and excellent support.,positive
Would not recommend.,negative
Customer service was awful.,negative
Terrible product. Waste of money.,negative
Will definitely buy again.,positive
Low quality and poor performance.,negative
Low quality and poor performance.,negative
Amazing quality and service.,positive
Terrible product. Waste of money.,negative
Very disappointed.,negative
Customer service was awful.,negative
This was a mistake to buy.,negative
Would not recommend.,negative
Amazing quality and service.,positive
Would not recommend.,negative
Not worth the price.,negative
Exceeded my expectations.,positive
Fast delivery and excellent support.,positive
Very satisfied with my purchase.,positive
Top notch and affordable.,positive
Top notch and affordable.,positive
Broke after one use.,negative
Fast delivery and excellent support.,positive
Very satisfied with my purchase.,positive
Very satisfied with my purchase.,positive
Completely useless.,negative
Horrible experience.,negative
This was a mistake to buy.,negative
Fast delivery and excellent support.,positive
Low quality and poor performance.,negative
Highly recommend to everyone.,positive
Not worth the price.,negative
Very satisfied with my purchase.,positive
Very disappointed.,negative
This was a mistake to buy.,negative
This was a mistake to buy.,negative
This was a mistake to buy.,negative
Will definitely buy again.,positive
Very satisfied with my purchase.,positive
This was a mistake to buy.,negative
Terrible product. Waste of money.,negative
Very disappointed.,negative
Customer service was awful.,negative
Customer service was awful.,negative
Amazing quality and service.,positive
Great experience overall.,positive
Great experience overall.,positive
The best I’ve used so far.,positive
Very disappointed.,negative
Fast delivery and excellent support.,positive
The best I’ve used so far.,positive
Horrible experience.,negative
Terrible product. Waste of money.,negative
Great experience overall.,positive
This was a mistake to buy.,negative
Top notch and affordable.,positive
Completely useless.,negative
Low quality and poor performance.,negative
Exceeded my expectations.,positive
This was a mistake to buy.,negative
Low quality and poor performance.,negative
Would not recommend.,negative
The best I’ve used so far.,positive
Broke after one use.,negative
Will definitely buy again.,positive
Would not recommend.,negative
Broke after one use.,negative
Great experience overall.,positive
Will definitely buy again.,positive
Would not recommend.,negative
Would not recommend.,negative
Broke after one use.,negative
This was a mistake to buy.,negative
The best I’ve used so far.,positive
Very satisfied with my purchase.,positive
Amazing quality and service.,positive
Completely useless.,negative
Very satisfied with my purchase.,positive
Fast delivery and excellent support.,positive
Low quality and poor performance.,negative
Amazing quality and service.,positive
Top notch and affordable.,positive
Top notch and affordable.,positive
Not worth the price.,negative
Would not recommend.,negative
Amazing quality and service.,positive
This was a mistake to buy.,negative
Highly recommend to everyone.,positive
Would not recommend.,negative
Would not recommend.,negative
Completely useless.,negative
Broke after one use.,negative
Amazing quality and service.,positive
Would not recommend.,negative
Terrible product. Waste of money.,negative
Top notch and affordable.,positive
Customer service was awful.,negative
Low quality and poor performance.,negative
I love this product!,positive
Customer service was awful.,negative
Highly recommend to everyone.,positive
Very disappointed.,negative
Broke after one use.,negative
Completely useless.,negative
Completely useless.,negative
Highly recommend to everyone.,positive
Completely useless.,negative
Highly recommend to everyone.,positive
This was a mistake to buy.,negative
Completely useless.,negative
This was a mistake to buy.,negative
Very disappointed.,negative
The best I’ve used so far.,positive
I love this product!,positive
Very disappointed.,negative
Broke after one use.,negative
Horrible experience.,negative
Amazing quality and service.,positive
Very satisfied with my purchase.,positive
Fast delivery and excellent support.,positive
Low quality and poor performance.,negative
Very disappointed.,negative
Would not recommend.,negative
Very satisfied with my purchase.,positive
This was a mistake to buy.,negative
Highly recommend to everyone.,positive
Top notch and affordable.,positive
Top notch and affordable.,positive
Horrible experience.,negative
Terrible product. Waste of money.,negative
Completely useless.,negative
Terrible product. Waste of money.,negative
Will definitely buy again.,positive
Top notch and affordable.,positive
Fast delivery and excellent support.,positive
Will definitely buy again.,positive
Fast delivery and excellent support.,positive
Exceeded my expectations.,positive
Top notch and affordable.,positive
Completely useless.,negative
Very satisfied with my purchase.,positive
Completely useless.,negative
Very satisfied with my purchase.,positive
This was a mistake to buy.,negative
Terrible product. Waste of money.,negative
Amazing quality and service.,positive
Terrible product. Waste of money.,negative
Very disappointed.,negative
I love this product!,positive
Broke after one use.,negative
Great experience overall.,positive
Highly recommend to everyone.,positive
Low quality and poor performance.,negative
Horrible experience.,negative
Exceeded my expectations.,positive
Will definitely buy again.,positive
Top notch and affordable.,positive
Completely useless.,negative
Great experience overall.,positive
Completely useless.,negative
The best I’ve used so far.,positive
Would not recommend.,negative
Customer service was awful.,negative
This was a mistake to buy.,negative
Would not recommend.,negative
Horrible experience.,negative
Broke after one use.,negative
Completely useless.,negative
Would not recommend.,negative
Amazing quality and service.,positive
Would not recommend.,negative
Customer service was awful.,negative
Would not recommend.,negative
Would not recommend.,negative
Amazing quality and service.,positive
Very disappointed.,negative
Low quality and poor performance.,negative
Broke after one use.,negative
Fast delivery and excellent support.,positive
Very disappointed.,negative
This was a mistake to buy.,negative
This was a mistake to buy.,negative
This was a mistake to buy.,negative
Fast delivery and excellent support.,positive
Fast delivery and excellent support.,positive
Fast delivery and excellent support.,positive
Great experience overall.,positive
This was a mistake to buy.,negative
Highly recommend to everyone.,positive
Would not recommend.,negative
Terrible product. Waste of money.,negative
Terrible product. Waste of money.,negative
Exceeded my expectations.,positive
Completely useless.,negative
Completely useless.,negative
Very satisfied with my purchase.,positive
Very satisfied with my purchase.,positive
Exceeded my expectations.,positive
Would not recommend.,negative
Very disappointed.,negative
Exceeded my expectations.,positive
Broke after one use.,negative
Very satisfied with my purchase.,positive
Fast delivery and excellent support.,positive
Highly recommend to everyone.,positive
Completely useless.,negative
Fast delivery and excellent support.,positive
Highly recommend to everyone.,positive
Top notch and affordable.,positive
Completely useless.,negative
Highly recommend to everyone.,positive
Will definitely buy again.,positive
Will definitely buy again.,positive
Top notch and affordable.,positive
Broke after one use.,negative
Low quality and poor performance.,negative
Not worth the price.,negative
Would not recommend.,negative
Exceeded my expectations.,positive
Exceeded my expectations.,positive
Would not recommend.,negative
Very satisfied with my purchase.,positive
Exceeded my expectations.,positive
Top notch and affordable.,positive
Will definitely buy again.,positive
I love this product!,positive
Completely useless.,negative
Great experience overall.,positive
Very disappointed.,negative
Broke after one use.,negative
Horrible experience.,negative
Completely useless.,negative
Great experience overall.,positive
This was a mistake to buy.,negative
Fast delivery and excellent support.,positive
Very disappointed.,negative
Will definitely buy again.,positive
Very satisfied with my purchase.,positive
This was a mistake to buy.,negative
Low quality and poor performance.,negative
Horrible experience.,negative
Terrible product. Waste of money.,negative
Very satisfied with my purchase.,positive
Horrible experience.,negative
This was a mistake to buy.,negative
Top notch and affordable.,positive
Low quality and poor performance.,negative
Fast delivery and excellent support.,positive
The best I’ve used so far.,positive
Customer service was awful.,negative
Broke after one use.,negative
Amazing quality and service.,positive
Horrible experience.,negative
Broke after one use.,negative
Exceeded my expectations.,positive
I love this product!,positive
Amazing quality and service.,positive
Would not recommend.,negative
Completely useless.,negative
I love this product!,positive
Fast delivery and excellent support.,positive
Terrible product. Waste of money.,negative
Broke after one use.,negative
Great experience overall.,positive
I love this product!,positive
Broke after one use.,negative
Terrible product. Waste of money.,negative
Will definitely buy again.,positive
Fast delivery and excellent support.,positive
Would not recommend.,negative
This was a mistake to buy.,negative
Fast delivery and excellent support.,positive
Very satisfied with my purchase.,positive
Terrible product. Waste of money.,negative
Great experience overall.,positive
Low quality and poor performance.,negative
Would not recommend.,negative
Amazing quality and service.,positive
Low quality and poor performance.,negative
This was a mistake to buy.,negative
Completely useless.,negative
Customer service was awful.,negative
Great experience overall.,positive
Highly recommend to everyone.,positive
Would not recommend.,negative
Will definitely buy again.,positive
Would not recommend.,negative
Highly recommend to everyone.,positive
Completely useless.,negative
Great experience overall.,positive
Amazing quality and service.,positive
Would not recommend.,negative
Horrible experience.,negative
Great experience overall.,positive
Customer service was awful.,negative
Customer service was awful.,negative
The best I’ve used so far.,positive
This was a mistake to buy.,negative
Customer service was awful.,negative
Completely useless.,negative
Very disappointed.,negative
Very satisfied with my purchase.,positive
Will definitely buy again.,positive
Top notch and affordable.,positive
I love this product!,positive
I love this product!,positive
The best I’ve used so far.,positive
Very disappointed.,negative
Will definitely buy again.,positive
Fast delivery and excellent support.,positive
Very disappointed.,negative
Not worth the price.,negative
Terrible product. Waste of money.,negative
Fast delivery and excellent support.,positive
Exceeded my expectations.,positive
Highly recommend to everyone.,positive
Terrible product. Waste of money.,negative
Highly recommend to everyone.,positive
Will definitely buy again.,positive
I love this product!,positive
Great experience overall.,positive
Very disappointed.,negative
Customer service was awful.,negative
Broke after one use.,negative
Exceeded my expectations.,positive
Terrible product. Waste of money.,negative
Exceeded my expectations.,positive
Great experience overall.,positive
Amazing quality and service.,positive
Would not recommend.,negative
Low quality and poor performance.,negative
Great experience overall.,positive
Exceeded my expectations.,positive
Fast delivery and excellent support.,positive
Top notch and affordable.,positive
Amazing quality and service.,positive
Not worth the price.,negative
Would not recommend.,negative
Amazing quality and service.,positive
This was a mistake to buy.,negative
Terrible product. Waste of money.,negative
Very disappointed.,negative
Exceeded my expectations.,positive
Would not recommend.,negative
Highly recommend to everyone.,positive
Fast delivery and excellent support.,positive
I love this product!,positive
Amazing quality and service.,positive
Top notch and affordable.,positive
Very satisfied with my purchase.,positive
I love this product!,positive
Terrible product. Waste of money.,negative
Terrible product. Waste of money.,negative
Low quality and poor performance.,negative
This was a mistake to buy.,negative
Top notch and affordable.,positive
Will definitely buy again.,positive
Very satisfied with my purchase.,positive
Great experience overall.,positive
Very disappointed.,negative
Horrible experience.,negative
Broke after one use.,negative
Very satisfied with my purchase.,positive
Not worth the price.,negative
Very satisfied with my purchase.,positive
Completely useless.,negative
Low quality and poor performance.,negative
This was a mistake to buy.,negative
Broke after one use.,negative
This was a mistake to buy.,negative
This was a mistake to buy.,negative
Great experience overall.,positive
Broke after one use.,negative
The best I’ve used so far.,positive
Very satisfied with my purchase.,positive
Top notch and affordable.,positive
Top notch and affordable.,positive
Low quality and poor performance.,negative
Broke after one use.,negative
Horrible experience.,negative
Very satisfied with my purchase.,positive
Fast delivery and excellent support.,positive
Very satisfied with my purchase.,positive
Exceeded my expectations.,positive
Great experience overall.,positive
Great experience overall.,positive
Low quality and poor performance.,negative
Terrible product. Waste of money.,negative
I love this product!,positive
Amazing quality and service.,positive
Not worth the price.,negative
Very disappointed.,negative
Highly recommend to everyone.,positive
The best I’ve used so far.,positive
Top notch and affordable.,positive
This was a mistake to buy.,negative
Amazing quality and service.,positive
Very disappointed.,negative
Fast delivery and excellent support.,positive
Highly recommend to everyone.,positive
Very satisfied with my purchase.,positive
Completely useless.,negative
Horrible experience.,negative
This was a mistake to buy.,negative
Completely useless.,negative
I love this product!,positive
Amazing quality and service.,positive
This was a mistake to buy.,negative
Customer service was awful.,negative
Exceeded my expectations.,positive
Exceeded my expectations.,positive
Horrible experience.,negative
Fast delivery and excellent support.,positive
The best I’ve used so far.,positive
Low quality and poor performance.,negative
Amazing quality and service.,positive
Very disappointed.,negative
The best I’ve used so far.,positive
Low quality and poor performance.,negative
Fast delivery and excellent support.,positive
Very satisfied with my purchase.,positive
Will definitely buy again.,positive
The best I’ve used so far.,positive
The best I’ve used so far.,positive
Very satisfied with my purchase.,positive
Broke after one use.,negative
Horrible experience.,negative
Low quality and poor performance.,negative
Very satisfied with my purchase.,positive
Will definitely buy again.,positive
Horrible experience.,negative
Very disappointed.,negative
Not worth the price.,negative
Will definitely buy again.,positive
Top notch and affordable.,positive
Low quality and poor performance.,negative
The best I’ve used so far.,positive
Low quality and poor performance.,negative
The best I’ve used so far.,positive
This was a mistake to buy.,negative
Great experience overall.,positive
Amazing quality and service.,positive
Horrible experience.,negative
Amazing quality and service.,positive
Terrible product. Waste of money.,negative
Would not recommend.,negative
This was a mistake to buy.,negative
Fast delivery and excellent support.,positive
Exceeded my expectations.,positive
Completely useless.,negative
Not worth the price.,negative
Low quality and poor performance.,negative
Customer service was awful.,negative
Horrible experience.,negative
Low quality and poor performance.,negative
Completely useless.,negative
Will definitely buy again.,positive
Amazing quality and service.,positive
Fast delivery and excellent support.,positive
Customer service was awful.,negative
Very disappointed.,negative
Great experience overall.,positive
This was a mistake to buy.,negative
Very satisfied with my purchase.,positive
Very satisfied with my purchase.,positive
Very disappointed.,negative
Horrible experience.,negative
Completely useless.,negative
Amazing quality and service.,positive
Top notch and affordable.,positive
Customer service was awful.,negative
Great experience overall.,positive
Not worth the price.,negative
Amazing quality and service.,positive
Amazing quality and service.,positive
Exceeded my expectations.,positive
This was a mistake to buy.,negative
Terrible product. Waste of money.,negative
Very satisfied with my purchase.,positive
The best I’ve used so far.,positive
Amazing quality and service.,positive
Fast delivery and excellent support.,positive
Great experience overall.,positive
Top notch and affordable.,positive
Very disappointed.,negative
Highly recommend to everyone.,positive
Horrible experience.,negative
Would not recommend.,negative
Very satisfied with my purchase.,positive
The best I’ve used so far.,positive
This was a mistake to buy.,negative
Fast delivery and excellent support.,positive
Exceeded my expectations.,positive
Exceeded my expectations.,positive
Terrible product. Waste of money.,negative
Very satisfied with my purchase.,positive
Completely useless.,negative
Customer service was awful.,negative
Customer service was awful.,negative
Broke after one use.,negative
This was a mistake to buy.,negative
Highly recommend to everyone.,positive
Terrible product. Waste of money.,negative
Fast delivery and excellent support.,positive
Top notch and affordable.,positive
Not worth the price.,negative
Terrible product. Waste of money.,negative
Great experience overall.,positive
Not worth the price.,negative
Highly recommend to everyone.,positive
Top notch and affordable.,positive
Customer service was awful.,negative
Horrible experience.,negative
Completely useless.,negative
Highly recommend to everyone.,positive
Broke after one use.,negative
The best I’ve used so far.,positive
Exceeded my expectations.,positive
Broke after one use.,negative
Fast delivery and excellent support.,positive
Terrible product. Waste of money.,negative
This was a mistake to buy.,negative
Would not recommend.,negative
Customer service was awful.,negative
Amazing quality and service.,positive
Completely useless.,negative
Low quality and poor performance.,negative
Amazing quality and service.,positive
Exceeded my expectations.,positive
Fast delivery and excellent support.,positive
Would not recommend.,negative
Broke after one use.,negative
Great experience overall.,positive
Would not recommend.,negative
Not worth the price.,negative
Fast delivery and excellent support.,positive
Fast delivery and excellent support.,positive
Highly recommend to everyone.,positive
Amazing quality and service.,positive
Very satisfied with my purchase.,positive
Horrible experience.,negative
I love this product!,positive
Will definitely buy again.,positive
Top notch and affordable.,positive
I love this product!,positive
Will definitely buy again.,positive
Would not recommend.,negative
Terrible product. Waste of money.,negative
The best I’ve used so far.,positive
Low quality and poor performance.,negative
Broke after one use.,negative
Low quality and poor performance.,negative
Top notch and affordable.,positive
Low quality and poor performance.,negative
Top notch and affordable.,positive
Very satisfied with my purchase.,positive
Not worth the price.,negative
The best I’ve used so far.,positive
Exceeded my expectations.,positive
Low quality and poor performance.,negative
Terrible product. Waste of money.,negative
Would not recommend.,negative
Would not recommend.,negative
Will definitely buy again.,positive
Highly recommend to everyone.,positive
Not worth the price.,negative
Fast delivery and excellent support.,positive
This was a mistake to buy.,negative
Top notch and affordable.,positive
Horrible experience.,negative
Would not recommend.,negative
Exceeded my expectations.,positive
Amazing quality and service.,positive
Completely useless.,negative
Customer service was awful.,negative
Top notch and affordable.,positive
Customer service was awful.,negative
Great experience overall.,positive
Horrible experience.,negative
Would not recommend.,negative
Not worth the price.,negative
Terrible product. Waste of money.,negative
Very satisfied with my purchase.,positive
Not worth the price.,negative
Amazing quality and service.,positive
Will definitely buy again.,positive
Amazing quality and service.,positive
Highly recommend to everyone.,positive
This was a mistake to buy.,negative
Horrible experience.,negative
Terrible product. Waste of money.,negative
Amazing quality and service.,positive
Horrible experience.,negative
Very disappointed.,negative
Would not recommend.,negative
Will definitely buy again.,positive
The best I’ve used so far.,positive
Will definitely buy again.,positive
I love this product!,positive
The best I’ve used so far.,positive
Customer service was awful.,negative
Great experience overall.,positive
This was a mistake to buy.,negative
Will definitely buy again.,positive
Amazing quality and service.,positive
Very satisfied with my purchase.,positive
Horrible experience.,negative
Amazing quality and service.,positive
Fast delivery and excellent support.,positive
Low quality and poor performance.,negative
Highly recommend to everyone.,positive
Horrible experience.,negative
Would not recommend.,negative
The best I’ve used so far.,positive
Fast delivery and excellent support.,positive
Not worth the price.,negative
Would not recommend.,negative
Top notch and affordable.,positive
Will definitely buy again.,positive
Terrible product. Waste of money.,negative
Highly recommend to everyone.,positive
Exceeded my expectations.,positive
Exceeded my expectations.,positive
Horrible experience.,negative
Not worth the price.,negative
Horrible experience.,negative
The best I’ve used so far.,positive
Exceeded my expectations.,positive
Horrible experience.,negative
Would not recommend.,negative
Will definitely buy again.,positive
Completely useless.,negative
Low quality and poor performance.,negative
Top notch and affordable.,positive
Highly recommend to everyone.,positive
Customer service was awful.,negative
Not worth the price.,negative
Completely useless.,negative
I love this product!,positive
Horrible experience.,negative
Highly recommend to everyone.,positive
Low quality and poor performance.,negative
Fast delivery and excellent support.,positive
Would not recommend.,negative
Exceeded my expectations.,positive
Low quality and poor performance.,negative
Completely useless.,negative
Very disappointed.,negative
The best I’ve used so far.,positive
Horrible experience.,negative
Not worth the price.,negative
Great experience overall.,positive
Would not recommend.,negative
Great experience overall.,positive
Very satisfied with my purchase.,positive
Exceeded my expectations.,positive
Very disappointed.,negative
This was a mistake to buy.,negative
Terrible product. Waste of money.,negative
Customer service was awful.,negative
Horrible experience.,negative
Horrible experience.,negative
Amazing quality and service.,positive
Highly recommend to everyone.,positive
Low quality and poor performance.,negative
Broke after one use.,negative
Terrible product. Waste of money.,negative
Top notch and affordable.,positive
Would not recommend.,negative
This was a mistake to buy.,negative
Horrible experience.,negative
Exceeded my expectations.,positive
Terrible product. Waste of money.,negative
I love this product!,positive
Amazing quality and service.,positive
Great experience overall.,positive
Customer service was awful.,negative
Exceeded my expectations.,positive
Great experience overall.,positive
Completely useless.,negative
Customer service was awful.,negative
Customer service was awful.,negative
Terrible product. Waste of money.,negative
I love this product!,positive
Exceeded my expectations.,positive
Very disappointed.,negative
Broke after one use.,negative
Low quality and poor performance.,negative
Great experience overall.,positive
Broke after one use.,negative
Low quality and poor performance.,negative
Very satisfied with my purchase.,positive
Great experience overall.,positive
Terrible product. Waste of money.,negative
Top notch and affordable.,positive
I love this product!,positive
Broke after one use.,negative
Highly recommend to everyone.,positive
Amazing quality and service.,positive
Not worth the price.,negative
Will definitely buy again.,positive
Very disappointed.,negative
Will definitely buy again.,positive
Top notch and affordable.,positive
This was a mistake to buy.,negative
Amazing quality and service.,positive
Would not recommend.,negative
Top notch and affordable.,positive
The best I’ve used so far.,positive
Top notch and affordable.,positive
Not worth the price.,negative
This was a mistake to buy.,negative
Horrible experience.,negative
Horrible experience.,negative
Not worth the price.,negative
Customer service was awful.,negative
Very satisfied with my purchase.,positive
Not worth the price.,negative
Customer service was awful.,negative
Great experience overall.,positive
Great experience overall.,positive
Terrible product. Waste of money.,negative
The best I’ve used so far.,positive
Not worth the price.,negative
Not worth the price.,negative
Broke after one use.,negative
Very satisfied with my purchase.,positive
Amazing quality and service.,positive
Very satisfied with my purchase.,positive
Very disappointed.,negative
Highly recommend to everyone.,positive
Customer service was awful.,negative
Top notch and affordable.,positive
I love this product!,positive
Very satisfied with my purchase.,positive
Broke after one use.,negative
Very disappointed.,negative
Low quality and poor performance.,negative
Completely useless.,negative
Great experience overall.,positive
Amazing quality and service.,positive
Amazing quality and service.,positive
Will definitely buy again.,positive
Low quality and poor performance.,negative
Completely useless.,negative
Fast delivery and excellent support.,positive
Fast delivery and excellent support.,positive
Exceeded my expectations.,positive
Exceeded my expectations.,positive
Broke after one use.,negative
Terrible product. Waste of money.,negative
Completely useless.,negative
Broke after one use.,negative
Low quality and poor performance.,negative
Exceeded my expectations.,positive
Great experience overall.,positive
Top notch and affordable.,positive
Horrible experience.,negative
Great experience overall.,positive
Very satisfied with my purchase.,positive
Amazing quality and service.,positive
Completely useless.,negative
Exceeded my expectations.,positive
This was a mistake to buy.,negative
Top notch and affordable.,positive
Top notch and affordable.,positive
Not worth the price.,negative
Not worth the price.,negative
Great experience overall.,positive
Very disappointed.,negative
Very satisfied with my purchase.,positive
The best I’ve used so far.,positive
Very disappointed.,negative
Broke after one use.,negative
Very satisfied with my purchase.,positive
Not worth the price.,negative
The best I’ve used so far.,positive
The best I’ve used so far.,positive
Terrible product. Waste of money.,negative
Will definitely buy again.,positive
Highly recommend to everyone.,positive
Amazing quality and service.,positive
Will definitely buy again.,positive
Top notch and affordable.,positive
Highly recommend to everyone.,positive
Top notch and affordable.,positive
Terrible product. Waste of money.,negative
Amazing quality and service.,positive
Completely useless.,negative
This was a mistake to buy.,negative
Completely useless.,negative
Amazing quality and service.,positive
Terrible product. Waste of money.,negative
Top notch and affordable.,positive
Terrible product. Waste of money.,negative
Low quality and poor performance.,negative
Very satisfied with my purchase.,positive
Top notch and affordable.,positive
Would not recommend.,negative
The best I’ve used so far.,positive
Horrible experience.,negative
Very disappointed.,negative
Highly recommend to everyone.,positive
Fast delivery and excellent support.,positive
Highly recommend to everyone.,positive
Very disappointed.,negative
Broke after one use.,negative
Terrible product. Waste of money.,negative
Very disappointed.,negative
Horrible experience.,negative
This was a mistake to buy.,negative
I love this product!,positive
Customer service was awful.,negative
Customer service was awful.,negative
Very disappointed.,negative
Great experience overall.,positive
Great experience overall.,positive
I love this product!,positive
Terrible product. Waste of money.,negative
Top notch and affordable.,positive
Will definitely buy again.,positive
I love this product!,positive
Fast delivery and excellent support.,positive
Terrible product. Waste of money.,negative
